Ticker,MU
CurrentPrice,466.234
ExpirationDate,2026-03-20
DownloadTimestamp,2026-03-18 17:50:51

Strike,Call_OI,Call_Volume,Put_OI,Put_Volume
10.0,124,10,67,1
20.0,0,0,53,0
30.0,5,0,64,1
35.0,51,3,17905,4
40.0,14,1,11443,1
45.0,91,1,4547,15
50.0,210,4,2869,5
55.0,84,1,5230,3
60.0,158,2,3806,1
65.0,211,2,1211,1
70.0,434,4,4726,1
75.0,422,1,3226,45
80.0,1477,40,3934,88
85.0,233,1,2731,89
90.0,511,1,3195,2
95.0,633,1,5138,40
100.0,1709,1,3078,2
105.0,380,3,3870,1
110.0,1098,2,2597,155
115.0,1200,2,1934,2
120.0,722,3,4451,6
125.0,1753,1,2952,16
130.0,531,11,6086,10
135.0,476,2,1382,1
140.0,695,3,3310,1
145.0,642,2,1533,26
150.0,933,1,6722,30
155.0,1157,1,734,68
160.0,2003,7,4553,10
165.0,848,1,2041,3
170.0,509,1,2798,18
175.0,506,2,1759,47
180.0,824,1,3221,3
185.0,711,7,943,8
190.0,790,8,2084,122
195.0,401,1,1178,86
200.0,2455,13,4507,147
210.0,1446,1,6743,65
220.0,4868,3,5012,4
230.0,4060,2,16156,346
240.0,3294,15,7732,73
250.0,3195,8,7589,105
260.0,1972,6,7518,128
270.0,1545,3,4270,156
280.0,1530,2,4512,788
290.0,1540,41,6228,664
295.0,4,10,481,20
297.5,1,0,25,5
300.0,7548,75,9171,596
302.5,0,0,46,32
305.0,1,0,200,16
307.5,1,0,109,6
310.0,5257,3,5422,162
312.5,1,0,170,16
315.0,4,0,341,6
317.5,2,0,1207,24
320.0,1661,5,4140,206
322.5,1,1,74,35
325.0,2,1,228,50
327.5,0,0,157,10
330.0,1660,59,13740,454
332.5,0,0,88,32
335.0,1,0,5633,75
337.5,0,0,152,73
340.0,1295,37,6867,409
342.5,0,0,150,5
345.0,74,6,390,75
347.5,7,6,1030,20
350.0,3075,560,13326,1204
352.5,31,4,564,71
355.0,109,19,1938,254
357.5,25,1,602,209
360.0,4797,260,4955,1019
362.5,22,22,1016,134
365.0,211,2,1641,471
367.5,115,1,792,195
370.0,6665,56,5793,1481
372.5,53,6,326,127
375.0,509,37,1913,1042
377.5,182,13,800,270
380.0,3360,109,5075,2096
382.5,330,9,751,354
385.0,446,42,6762,5948
387.5,70,16,707,488
390.0,4852,117,15579,8417
392.5,103,24,730,295
395.0,518,32,1688,1186
397.5,301,19,468,544
400.0,8371,1215,19059,6552
402.5,594,18,5679,276
405.0,835,135,1990,1139
407.5,409,21,534,187
410.0,3928,341,6197,2607
412.5,410,39,4612,246
415.0,991,82,1591,1566
417.5,530,39,860,272
420.0,8740,827,7021,4366
422.5,568,41,412,336
425.0,2751,477,9530,1658
427.5,373,22,358,231
430.0,17143,10381,9264,3425
432.5,497,31,379,520
435.0,1095,203,1107,821
437.5,476,17,162,223
440.0,3245,918,3231,1711
442.5,1518,84,710,503
445.0,2129,230,690,887
447.5,787,139,808,252
450.0,10058,2680,4143,3316
452.5,1525,955,1247,142
455.0,2786,1642,1242,606
457.5,1097,463,999,581
460.0,9031,3673,2825,2549
462.5,1045,1826,104,723
465.0,1327,5204,267,1803
467.5,319,2253,31,942
470.0,4811,5705,1220,1569
472.5,359,515,14,64
475.0,5389,3303,77,802
477.5,315,253,16,56
480.0,6904,5406,179,468
482.5,1206,251,4,42
485.0,4325,1320,30,13
487.5,202,810,7,2
490.0,4900,2694,54,15
492.5,328,271,0,0
495.0,889,429,34,1
497.5,373,179,0,0
500.0,14296,9175,965,565
502.5,460,194,0,0
505.0,1228,1075,0,0
507.5,388,151,0,0
510.0,2743,2037,28,22
512.5,325,181,0,0
515.0,734,584,0,0
517.5,331,169,0,0
520.0,2586,3186,602,12
522.5,240,167,0,1
525.0,793,1123,0,0
527.5,352,192,2,1
530.0,2586,1316,45,7
532.5,1108,319,0,0
535.0,513,487,4,2
537.5,220,94,0,0
540.0,1911,1025,29,10
542.5,71,41,0,0
545.0,238,331,0,0
547.5,131,51,0,0
550.0,3115,2824,168,25
552.5,252,117,0,0
555.0,535,660,2,1
557.5,91,92,0,0
560.0,2416,1027,13,2
570.0,1141,898,0,10
580.0,1312,362,5,3
590.0,681,385,1,1
600.0,7536,2696,30,4
610.0,634,59,0,4
620.0,925,171,12,1
630.0,647,141,0,2
640.0,694,72,0,1
650.0,1984,222,0,15
660.0,499,10,0,1
670.0,489,2,1,1
680.0,350,4,0,1
690.0,412,3,0,1
700.0,1815,165,0,1
710.0,246,10,0,1
720.0,277,1,0,11
730.0,376,14,0,0
740.0,671,375,0,1
750.0,661,5,0,26
760.0,153,27,0,1
770.0,632,2,0,1
780.0,2333,43,0,1
790.0,879,31,0,1
800.0,637,95,0,1
810.0,259,155,0,0
820.0,295,4,0,0
830.0,142,13,0,1
840.0,386,28,0,7
850.0,265,1,0,1
860.0,523,11,0,0
870.0,1123,10,0,0
880.0,59,7,0,1
890.0,78,1,0,1
900.0,1462,60,0,0
910.0,2486,190,0,3
