Ticker,SPY
CurrentPrice,666.3499755859375
ExpirationDate,2026-03-20
DownloadTimestamp,2026-03-18 18:36:58

Strike,Call_OI,Call_Volume,Put_OI,Put_Volume
245.0,80,48,31637,1
250.0,34,1,13053,1813
255.0,22,0,6459,80
260.0,28,2,5068,802
265.0,11,1,8153,84
270.0,26,7,11176,1024
275.0,10,10,3140,1111
280.0,0,0,14269,563
285.0,2,4,1835,20
290.0,13,2,2288,25
295.0,17,1,3593,6
300.0,75,10,8481,1
305.0,8,7,6534,201
310.0,1,1,2424,1
315.0,34,8,2341,1
320.0,28,2,5483,400
325.0,13,10,7458,25
330.0,17,2,1502,200
335.0,2,1,2473,51
340.0,27,6,2047,49
345.0,32,8,2211,60
350.0,460,452,5132,62
355.0,613,1198,3427,10
360.0,635,1008,3459,34
365.0,63,4,5020,11
370.0,872,2,5156,41
375.0,61,2,6401,2
380.0,106,2,13999,533
385.0,176,5,6268,1
390.0,1553,10,1437,1
395.0,1155,20,4411,47
400.0,398,28,22021,310
405.0,422,2,6259,7
410.0,24,2,3652,9
415.0,10,2,4898,9
420.0,104,2,6515,173
425.0,124,4,8961,38
430.0,703,1,2837,3
435.0,1104,17,3335,231
440.0,24,11,14937,27
445.0,545,5,1757,1
450.0,286,2,14886,60
455.0,109,1,2570,42
460.0,716,10,82835,11
465.0,1116,3,5265,34
470.0,1737,287,8643,34
475.0,985,23,6412,3
480.0,240,6,5346,3
485.0,70,3,6090,3
490.0,350,2,6985,3
495.0,596,3,10380,1641
500.0,1302,7,36471,34
505.0,330,3,5133,131
510.0,237,5,7928,536
515.0,308,11,9565,133
520.0,313,2,158370,125
525.0,584,1,7042,160
530.0,1721,3,18798,193
535.0,1313,12,6704,18
540.0,749,12,13238,89
545.0,1056,9,10553,27
550.0,3459,14,22430,112
555.0,434,18,8675,576
560.0,1913,13,24851,42
565.0,1317,2,9439,37
570.0,1932,14,11213,97
575.0,2263,7,22015,88
580.0,2621,2,91920,1074
585.0,1704,6,21577,37
590.0,4287,37,18850,232
595.0,4433,1387,35512,72
600.0,5581,601,56709,788
605.0,1490,36,20514,78
610.0,3136,37,36561,1121
611.0,3,4,991,72
612.0,8,0,4137,146
613.0,3,1,2161,16
614.0,0,0,1896,5
615.0,1912,2,31398,2568
616.0,36,2,1444,574
617.0,3,0,1408,11
618.0,10,1,2349,926
619.0,0,0,2380,414
620.0,8337,44,39366,2907
621.0,0,0,3972,299
622.0,0,0,2871,730
623.0,3,1,2991,455
624.0,2,2,1346,337
625.0,3874,53,33898,540
626.0,8,9,802,530
627.0,3,2,2512,287
628.0,22,8,2842,337
629.0,1,8,2793,148
630.0,9290,59,36113,2210
631.0,7,7,3349,65
632.0,3,11,6167,324
633.0,1,1,3252,89
634.0,1,2,14637,163
635.0,1167,51,37204,446
636.0,12,8,5709,286
637.0,20,2,11226,210
638.0,6,1,9800,473
639.0,22,8,18514,551
640.0,2967,37,77399,6931
641.0,44,1,20946,367
642.0,23,2,19628,1276
643.0,18,3,11836,1131
644.0,63,10,24329,1069
645.0,4247,16,114594,7614
646.0,63,1,34511,14236
647.0,103,3,14220,3512
648.0,82,1,29014,1388
649.0,188,66,12554,927
650.0,24463,110,116171,11171
651.0,33,1,20906,1170
652.0,51,12,18025,751
653.0,168,120,25778,6008
654.0,65,204,8358,1881
655.0,3388,372,57657,18564
656.0,243,440,12883,1886
657.0,105,207,12457,2726
658.0,172,230,23096,4482
659.0,327,979,15627,2853
660.0,10719,670,153216,28353
661.0,694,32,7732,2842
662.0,1160,637,7730,5449
663.0,1975,542,8743,6601
664.0,1437,980,6574,4287
665.0,11089,3807,36112,20574
666.0,2123,5716,5445,8459
667.0,3682,13987,6350,13654
668.0,3678,11667,6256,13025
669.0,6802,11692,8528,6428
670.0,22947,29262,50459,9361
671.0,4918,5198,8959,1050
672.0,4522,5693,5908,1366
673.0,3552,4613,3590,456
674.0,5659,3933,3071,607
675.0,14027,17823,54845,4562
676.0,5282,2504,2235,283
677.0,4505,2502,10818,1543
678.0,4349,16388,8238,244
679.0,4882,3333,2790,102
680.0,30204,18417,48539,1215
681.0,4681,8692,4750,111
682.0,9892,1183,8292,21
683.0,6817,1733,7946,18
684.0,6576,1290,5547,12
685.0,49606,4477,44819,476
686.0,6410,1084,7200,18
687.0,7370,765,7803,15
688.0,6641,974,7974,10
689.0,4811,561,4965,7
690.0,51752,3457,31145,468
691.0,7123,995,2777,7
692.0,6966,404,4338,15
693.0,6733,1546,5919,13
694.0,31850,275,3899,7
695.0,43537,963,15684,53
696.0,6744,228,4852,5
697.0,9553,94,3680,4
698.0,8413,108,4203,6
699.0,7318,60,4132,3376
700.0,74936,1786,11401,79
701.0,14237,460,279,6
702.0,4558,266,400,2
703.0,5829,41,477,1
704.0,4790,5,80,8
705.0,25380,48,3579,28
706.0,5451,6,56,1
707.0,3300,19,33,10
708.0,4682,19,1535,1
709.0,3655,2,142,2
710.0,33564,193,4923,37
711.0,2330,3,452,3
712.0,2520,11,48,2
713.0,5499,70,31,1
714.0,2848,52,58,2
715.0,32847,280,1611,2
716.0,4575,160,19,1
717.0,5499,6,23,1
718.0,6276,147,10,2
719.0,4115,1060,14,4
720.0,31732,63,3301,25
721.0,4944,3093,13,15
722.0,1945,6,0,2
723.0,1924,40,0,3
724.0,2897,162,9,9
725.0,19229,3,17,1
730.0,27352,3,9,1
735.0,10694,1,0,1
740.0,18462,2,0,1
745.0,9256,16,0,2
750.0,22341,76,3,1
755.0,15434,14,0,2
760.0,14445,50,0,2
765.0,6325,25,0,4
770.0,8663,434,0,4
775.0,6844,1,0,2
780.0,19868,1,0,0
785.0,3242,40,0,0
790.0,6770,2,0,0
795.0,3548,1,0,0
800.0,25840,1,6,1
805.0,2406,10,0,6
810.0,1637,23,0,0
815.0,5135,40,0,0
820.0,16825,20,0,0
825.0,10732,24,0,0
830.0,2771,1,0,10
835.0,2307,808,1,0
840.0,2403,1,0,40
845.0,7958,504,0,10
850.0,19616,13,0,10
855.0,921,4,0,0
860.0,1554,29,0,0
865.0,3867,55,0,0
870.0,2777,1456,0,0
875.0,4813,191,0,0
880.0,296,110,0,0
885.0,16957,1,0,0
890.0,7261,1704,0,0
895.0,4393,1400,0,0
900.0,7335,2,0,0
905.0,197,109,0,0
910.0,68,14,0,0
915.0,60,0,0,0
920.0,1820,0,0,0
925.0,633,0,0,0
930.0,600,0,0,0
935.0,2222,0,0,0
940.0,5510,1614,0,0
945.0,3525,0,0,0
950.0,4900,0,0,0
955.0,3537,1833,0,0
965.0,1789,1386,0,0
985.0,12,0,0,0
990.0,12,0,0,0
995.0,27,0,0,0
1000.0,47,1,0,0
1005.0,500,0,0,0
1010.0,18000,0,0,0
1015.0,750,0,0,0
1020.0,3996,0,0,0
1025.0,687,0,0,0
1030.0,2178,0,0,0
1050.0,4,4,0,0
1070.0,6,0,0,0
1075.0,18,2,0,0
1085.0,31,0,0,0
1095.0,19,2,0,0
1100.0,104,10,0,0
