Ticker,VRSK
CurrentPrice,204.18
ExpirationDate,2026-03-20
DownloadTimestamp,2026-03-18 17:50:43

Strike,Call_OI,Call_Volume,Put_OI,Put_Volume
100.0,1,0,0,0
145.0,0,0,100,2
150.0,2,2,80,1
155.0,0,1,27,31
160.0,0,0,81,6
165.0,0,1,222,44
170.0,0,1,26,1
175.0,1,2,52,2
180.0,35,1,165,15
185.0,32,1,99,1
190.0,5000,1,3928,37
195.0,72,1,93,1
200.0,612,10,101,10
210.0,268,5,15,1
220.0,225,20,342,1
230.0,341,15,0,1
240.0,43,1,9,23
250.0,88,2,0,1
260.0,24,2,8,5
270.0,34,1,0,1
280.0,12,46,3,1
290.0,22,19,0,5
300.0,14,10,0,1
310.0,19,1,1,1
320.0,26,40,0,1
330.0,2,2,0,0
350.0,8,3,0,0
360.0,1,1,0,0
370.0,4,2,0,0
380.0,20,1,0,0
400.0,17,1,0,0
440.0,24,1,0,0
